{"cameraMode":{"drawMode":0,"name":"Shaded","section":"Shading Mode"},"sceneLighting":true,"audioPlay":false,"sceneViewState":{"showFog":true,"showMaterialUpdate":false,"showSkybox":true,"showFlares":true,"showImageEffects":true,"showParticleSystems":true},"in2DMode":false,"pivot":{"x":4999.9404296875,"y":0.34289655089378359,"z":-1.9629331827163697},"rotation":{"x":-0.1762908697128296,"y":0.5048992037773132,"z":-0.1062621921300888,"w":-0.8383415937423706},"size":0.6713313460350037,"orthographic":true}